{"cameraMode":{"drawMode":0,"name":"Shaded","section":"Shading Mode"},"sceneLighting":false,"audioPlay":false,"sceneViewState":{"m_AlwaysRefresh":false,"showFog":true,"showSkybox":false,"showFlares":true,"showImageEffects":true,"showParticleSystems":true,"showVisualEffectGraphs":true,"m_FxEnabled":true},"in2DMode":false,"pivot":{"x":2.6830637454986574,"y":5.50133752822876,"z":10.710744857788086},"rotation":{"x":-0.1333228349685669,"y":-0.03656517714262009,"z":0.004915260244160891,"w":-0.9904019236564636},"size":31.065570831298829,"orthographic":false}